{
  "pre": {
    "hew_origin_arcsec": 2.4971170343994675,
    "hew_best_arcsec": 2.494615624962838,
    "eef90_origin_arcsec": 4.994866411932211,
    "eef90_best_arcsec": 4.993170003043,
    "hew_x_arcsec": 1.4459523695737286,
    "hew_y_arcsec": 1.4053442434698917,
    "hew_opt_x_arcsec": null,
    "hew_opt_y_arcsec": null,
    "hew_opt_arcsec": null,
    "eef90_opt_arcsec": null
  },
  "post_raw": {
    "hew_origin_arcsec": 2.4971170343994675,
    "hew_best_arcsec": 2.494615624962838,
    "eef90_origin_arcsec": 4.994866411932211,
    "eef90_best_arcsec": 4.993170003043,
    "hew_x_arcsec": 1.4459523695737286,
    "hew_y_arcsec": 1.4053442434698917,
    "hew_opt_x_arcsec": 1.4459523695737286,
    "hew_opt_y_arcsec": 1.4053442434698917,
    "hew_opt_arcsec": 2.494615624962838,
    "eef90_opt_arcsec": 4.993170003043005
  }
}