parameter,value
A,5978665.507808856
Gamma_core,7.914022308282158
Gamma_wing,4.052750979006984
eta,0.3628681639305655
beta,1.5408290672392966
scalar,4.466566876485613
