parameter,value
A,5368063.273400933
Gamma_core,8.194806462564904
Gamma_wing,4.095023776772551
eta,0.3176726706576232
beta,1.5162573369112715
scalar,4.517994444537754
