parameter,value
A,3728642.738429166
Gamma_core,7.757097881082742
Gamma_wing,6.775731175302733
eta,0.17277805588346312
beta,1.5304349416927712
scalar,1.4688100993262192
