parameter,value
A,2406932.485548915
Gamma_core,9.092448629055987
Gamma_wing,9.564111233546601
eta,0.05189216406470156
beta,1.4998888923667626
scalar,2.3632712910017175
