{"pre": {"hew_origin_arcsec": 0.3134259208893324, "hew_best_arcsec": 0.22324572797044367, "eef90_origin_arcsec": 0.661733833782725, "eef90_best_arcsec": 0.2628735894554467, "hew_x_arcsec": 0.04176476083900346, "hew_y_arcsec": 0.04546452668380769, "hew_opt_x_arcsec": null, "hew_opt_y_arcsec": null, "hew_opt_arcsec": null, "eef90_opt_arcsec": null}, "post_fast": {"hew_origin_arcsec": 0.3134259208893324, "hew_best_arcsec": 0.22324572797044367, "eef90_origin_arcsec": 0.661733833782725, "eef90_best_arcsec": 0.2628735894554467, "hew_x_arcsec": 0.04176476083900346, "hew_y_arcsec": 0.04546452668380769, "hew_opt_x_arcsec": 2.5267680307596976, "hew_opt_y_arcsec": 2.1822972808227634, "hew_opt_arcsec": 8.558654770108616, "eef90_opt_arcsec": 27.378935177966422}, "post_slow": {"hew_origin_arcsec": 1.428615964746144, "hew_best_arcsec": 0.5137023639906289, "eef90_origin_arcsec": 1.7353532084824084, "eef90_best_arcsec": 1.6651546302166609, "hew_x_arcsec": 0.03179703748840587, "hew_y_arcsec": 0.03205316188032468, "hew_opt_x_arcsec": 2.5278644803282635, "hew_opt_y_arcsec": 2.1796150078620675, "hew_opt_arcsec": 8.418465235489561, "eef90_opt_arcsec": 27.165806954327433}}