{"pre": {"hew_origin_arcsec": 0.3134259208893324, "hew_best_arcsec": 0.22324572797044367, "eef90_origin_arcsec": 0.661733833782725, "eef90_best_arcsec": 0.2628735894554467, "hew_x_arcsec": 0.04176476083900346, "hew_y_arcsec": 0.04546452668380769, "hew_opt_x_arcsec": null, "hew_opt_y_arcsec": null, "hew_opt_arcsec": null, "eef90_opt_arcsec": null}, "post_fast": {"hew_origin_arcsec": 0.3134259208893324, "hew_best_arcsec": 0.22324572797044367, "eef90_origin_arcsec": 0.661733833782725, "eef90_best_arcsec": 0.2628735894554467, "hew_x_arcsec": 0.04176476083900346, "hew_y_arcsec": 0.04546452668380769, "hew_opt_x_arcsec": 0.18794142377551465, "hew_opt_y_arcsec": 0.09092905336761538, "hew_opt_arcsec": 0.22945801017676096, "eef90_opt_arcsec": 0.32654837447230106}, "post_slow": {"hew_origin_arcsec": 1.428615964746144, "hew_best_arcsec": 0.5137023639906289, "eef90_origin_arcsec": 1.7353532084824084, "eef90_best_arcsec": 1.6651546302166609, "hew_x_arcsec": 0.03179703748840587, "hew_y_arcsec": 0.03205316188032468, "hew_opt_x_arcsec": 0.12718814995362301, "hew_opt_y_arcsec": 0.03205316188032468, "hew_opt_arcsec": 0.21217586896654264, "eef90_opt_arcsec": 0.6100360168283279}}