{"pre": {"hew_origin_arcsec": 0.3134259208893324, "hew_best_arcsec": 0.22324572797044367, "eef90_origin_arcsec": 0.661733833782725, "eef90_best_arcsec": 0.2628735894554467, "hew_x_arcsec": 0.04176476083900346, "hew_y_arcsec": 0.04546452668380769, "hew_opt_x_arcsec": null, "hew_opt_y_arcsec": null, "hew_opt_arcsec": null, "eef90_opt_arcsec": null}, "post_fast": {"hew_origin_arcsec": 0.3134259208893324, "hew_best_arcsec": 0.22324572797044367, "eef90_origin_arcsec": 0.661733833782725, "eef90_best_arcsec": 0.2628735894554467, "hew_x_arcsec": 0.04176476083900346, "hew_y_arcsec": 0.04546452668380769, "hew_opt_x_arcsec": 0.02088238041950173, "hew_opt_y_arcsec": 0.045464526683807224, "hew_opt_arcsec": 0.0038970554128201036, "eef90_opt_arcsec": 0.006806331397082505}, "post_slow": {"hew_origin_arcsec": 1.428615964746144, "hew_best_arcsec": 0.5137023639906289, "eef90_origin_arcsec": 1.7353532084824084, "eef90_best_arcsec": 1.6651546302166609, "hew_x_arcsec": 0.03179703748840587, "hew_y_arcsec": 0.03205316188032468, "hew_opt_x_arcsec": 0.015898518744203168, "hew_opt_y_arcsec": 0.016026580940162106, "hew_opt_arcsec": 0.003905043315349428, "eef90_opt_arcsec": 0.00681201698856669}}