{
  "stdout": "Applying placement strategy (elliptical)...\nPlacement complete. Final HEW: 6.840804e-06 m\nPlaced configuration saved to: Distributions/Test_Distribution_with_fixed_gaussian_placed.xlsx\nMM configuration changed entries: 586\nSample MM# changes (first 10):\n sheet_row_index  MM # (input)  MM # (placed)\n               0             1            504\n               1             2            403\n               2             3            304\n               3             4            203\n               4             5            508\n               5             6            405\n               6             7            308\n               7             8            208\n               8             9            512\n               9            10            411\n{\n  \"hew_origin_arcsec\": 0.11763101889564755,\n  \"hew_best_arcsec\": 0.11763101889564755,\n  \"eef90_origin_arcsec\": 0.21448657654030678,\n  \"eef90_best_arcsec\": 0.21448657654030678,\n  \"hew_x_arcsec\": 0.06771159874608149,\n  \"hew_y_arcsec\": 0.06778242677824267,\n  \"hew_opt_x_arcsec\": 0.06771159874608149,\n  \"hew_opt_y_arcsec\": 0.06778242677824267,\n  \"hew_opt_arcsec\": 0.11763101889564746,\n  \"eef90_opt_arcsec\": 0.21448657654030615\n}\n",
  "stderr": ""
}