{
  "hew_origin_arcsec": 0.2086231036479825,
  "hew_best_arcsec": 0.3754766232252392,
  "eef90_origin_arcsec": 0.24350331332503428,
  "eef90_best_arcsec": 0.39028385645524627,
  "hew_x_arcsec": 0.5530091571078377,
  "hew_y_arcsec": 0.5169006477837454,
  "hew_opt_x_arcsec": 1.4546545219575726,
  "hew_opt_y_arcsec": 0.468441212054019,
  "hew_opt_arcsec": 0.1763405805597928,
  "eef90_opt_arcsec": 3.074855144649933
}