{
  "pre": {
    "hew_origin_arcsec": 1.866973925197767,
    "hew_best_arcsec": 2.8759635660503453,
    "eef90_origin_arcsec": 2.7157272055168225,
    "eef90_best_arcsec": 3.759863954169593,
    "hew_x_arcsec": 1.2111780643310952,
    "hew_y_arcsec": 0.6137711102314022,
    "hew_opt_x_arcsec": null,
    "hew_opt_y_arcsec": null,
    "hew_opt_arcsec": null,
    "eef90_opt_arcsec": null
  },
  "post_raw": {
    "hew_origin_arcsec": 1.866973925197767,
    "hew_best_arcsec": 2.8759635660503453,
    "eef90_origin_arcsec": 2.7157272055168225,
    "eef90_best_arcsec": 3.759863954169593,
    "hew_x_arcsec": 1.2111780643310952,
    "hew_y_arcsec": 0.6137711102314022,
    "hew_opt_x_arcsec": 1.2111780643310952,
    "hew_opt_y_arcsec": 0.6137711102314022,
    "hew_opt_arcsec": 2.875963566050345,
    "eef90_opt_arcsec": 3.759863954169593
  }
}